{
  "tests": [
    {
      "name": "Grid no. 1",
      "setup": "make clean && make",
      "run": "./sudoku 1",
      "timeout": 1,
      "points": 0.25
    },
    {
      "name": "Grid no. 2",
      "setup": "make clean && make",
      "run": "./sudoku 2",
      "timeout": 1,
      "points": 0.25
    },
    {
      "name": "Grid no. 3",
      "setup": "make clean && make",
      "run": "./sudoku 3",
      "timeout": 1,
      "points": 0.5
    },
    {
      "name": "Grid no. 4",
      "setup": "make clean && make",
      "run": "./sudoku 4",
      "timeout": 1,
      "points": 0.5
    },
    {
      "name": "Check if clean from warnings",
      "setup": "",
      "run": "make clean && FLAGS=-Werror make",
      "timeout": 1,
      "points": 0.5
    }
  ]
}
